loan_duration,credit_history,purpose,amount,percent_of_income,years_at_residence,age,existing_loans_count,dependents,phone,default
6,critical,furniture,1169,4,4,67,2,1,yes,no
48,good,furniture,5951,2,2,22,1,1,no,yes
12,critical,education,2096,2,3,49,1,2,no,no
42,good,furniture,7882,2,4,45,1,2,no,no
24,poor,car,4870,3,4,53,2,2,no,yes
36,good,education,9055,2,4,35,1,2,yes,no
24,good,furniture,2835,3,4,53,1,1,no,no
36,good,car,6948,2,2,35,1,1,yes,no
12,good,furniture,3059,2,4,61,1,1,no,no
30,critical,car,5234,4,2,28,2,1,no,yes
12,good,car,1295,3,1,25,1,1,no,yes
48,good,business,4308,3,4,24,1,1,no,yes
12,good,furniture,1567,1,1,22,1,1,yes,no
24,critical,car,1199,4,4,60,2,1,no,yes
15,good,car,1403,2,4,28,1,1,no,no
24,good,furniture,1282,4,2,32,1,1,no,yes
24,critical,furniture,2424,4,4,53,2,1,no,no
30,perfect,business,8072,2,3,25,3,1,no,no
24,good,car,12579,4,2,44,1,1,yes,yes
24,good,furniture,3430,3,2,31,1,2,yes,no
9,critical,car,2134,4,4,48,3,1,yes,no
6,good,furniture,2647,2,3,44,1,2,no,no
10,critical,car,2241,1,3,48,2,2,no,no
12,critical,car,1804,3,4,44,1,1,no,no
10,critical,furniture,2069,2,1,26,2,1,no,no
6,good,furniture,1374,1,2,36,1,1,yes,no
6,perfect,furniture,426,4,4,39,1,1,no,no
12,very good,furniture,409,3,3,42,2,1,no,no
7,good,furniture,2415,3,2,34,1,1,no,no
60,poor,business,6836,3,4,63,2,1,yes,yes
18,good,business,1913,3,3,36,1,1,yes,no
24,good,furniture,4020,2,2,27,1,1,no,no
18,good,car,5866,2,2,30,2,1,yes,no
12,critical,business,1264,4,4,57,1,1,no,no
12,good,furniture,1474,4,1,33,1,1,yes,no
45,critical,furniture,4746,4,2,25,2,1,no,yes
48,critical,education,6110,1,3,31,1,1,yes,no
18,good,furniture,2100,4,2,37,1,1,no,yes
10,good,furniture,1225,2,2,37,1,1,yes,no
9,good,furniture,458,4,3,24,1,1,no,no
30,good,furniture,2333,4,2,30,1,1,no,no
12,good,furniture,1158,3,1,26,1,1,yes,no
18,poor,renovations,6204,2,4,44,1,2,yes,no
30,critical,car,6187,1,4,24,2,1,no,no
48,critical,car,6143,4,4,58,2,1,no,yes
11,critical,car,1393,4,4,35,2,1,no,no
36,good,furniture,2299,4,4,39,1,1,no,no
6,good,car,1352,1,2,23,1,1,yes,no
11,critical,car,7228,1,4,39,2,1,no,no
12,good,furniture,2073,4,2,28,1,1,no,no
24,poor,furniture,2333,4,2,29,1,1,no,no
27,poor,car,5965,1,2,30,2,1,yes,no
12,good,furniture,1262,3,2,25,1,1,no,no
18,good,car,3378,2,1,31,1,1,yes,no
36,poor,car,2225,4,4,57,2,1,yes,yes
6,very good,car,783,1,2,26,1,2,no,no
12,good,furniture,6468,2,1,52,1,1,yes,yes
36,critical,furniture,9566,2,2,31,2,1,no,no
18,good,car,1961,3,2,23,1,1,no,no
36,critical,furniture,6229,4,4,23,2,1,yes,yes
9,good,business,1391,2,1,27,1,1,yes,no
15,critical,furniture,1537,4,4,50,2,1,yes,no
36,perfect,business,1953,4,4,61,1,1,yes,no
48,perfect,business,14421,2,2,25,1,1,yes,yes
24,good,furniture,3181,4,4,26,1,1,yes,no
27,good,renovations,5190,4,4,48,4,2,yes,no
12,good,furniture,2171,2,2,29,1,1,no,no
12,good,car,1007,4,1,22,1,1,no,no
36,good,education,1819,4,4,37,1,1,yes,yes
36,good,furniture,2394,4,4,25,1,1,no,no
36,good,car,8133,1,2,30,1,1,no,no
7,critical,furniture,730,4,2,46,2,1,yes,no
8,critical,car,1164,3,4,51,2,2,yes,no
42,critical,business,5954,2,1,41,2,1,no,no
36,good,education,1977,4,4,40,1,1,yes,no
12,critical,car,1526,4,4,66,2,1,no,no
42,good,furniture,3965,4,3,34,1,1,no,yes
11,poor,furniture,4771,2,4,51,1,1,no,no
54,perfect,car,9436,2,2,39,1,2,no,no
30,good,furniture,3832,2,1,22,1,1,no,no
24,good,furniture,5943,1,1,44,2,1,yes,yes
15,good,furniture,1213,4,3,47,1,1,yes,no
18,good,business,1568,3,4,24,1,1,no,no
24,good,car,1755,4,4,58,1,1,yes,no
10,good,furniture,2315,3,4,52,1,1,no,no
12,critical,business,1412,4,2,29,2,1,yes,no
18,critical,furniture,1295,4,1,27,2,1,no,no
36,good,education,12612,1,4,47,1,2,yes,yes
18,good,car,2249,4,3,30,1,2,yes,no
12,perfect,renovations,1108,4,3,28,2,1,no,no
12,critical,furniture,618,4,4,56,1,1,no,no
12,critical,car,1409,4,3,54,1,1,no,no
12,critical,furniture,797,4,3,33,1,2,no,yes
24,critical,furniture,3617,4,4,20,2,1,no,no
12,good,car,1318,4,4,54,1,1,yes,no
54,perfect,business,15945,3,4,58,1,1,yes,yes
12,critical,education,2012,4,2,61,1,1,no,no
18,good,business,2622,4,4,34,1,1,no,no
36,critical,furniture,2337,4,4,36,1,1,no,no
20,poor,car,7057,3,4,36,2,2,yes,no
24,good,car,1469,4,4,41,1,1,no,no
36,good,furniture,2323,4,4,24,1,1,no,no
6,poor,furniture,932,3,2,24,1,1,no,no
9,critical,furniture,1919,4,3,35,1,1,yes,no
12,good,car,2445,2,4,26,1,1,yes,no
24,critical,car,11938,2,3,39,2,2,yes,yes
18,very good,car,6458,2,4,39,2,2,yes,no
12,good,car,6078,2,2,32,1,1,no,no
24,good,furniture,7721,1,2,30,1,1,yes,no
14,good,business,1410,1,2,35,1,1,yes,no
6,poor,business,1449,1,2,31,2,2,no,no
15,good,education,392,4,4,23,1,1,yes,no
18,good,car,6260,3,3,28,1,1,no,no
36,critical,car,7855,4,2,25,2,1,yes,yes
12,good,furniture,1680,3,1,35,1,1,no,no
48,critical,furniture,3578,4,1,47,1,1,yes,no
42,good,furniture,7174,4,3,30,1,1,yes,yes
10,critical,furniture,2132,2,3,27,2,1,no,no
33,critical,furniture,4281,1,4,23,2,1,no,yes
12,critical,car,2366,3,3,36,1,1,yes,no
21,good,furniture,1835,3,2,25,2,1,yes,yes
24,critical,car,3868,4,2,41,2,1,yes,no
12,good,furniture,1768,3,2,24,1,1,no,no
10,critical,car,781,4,4,63,2,1,yes,no
18,good,furniture,1924,4,3,27,1,1,no,yes
12,critical,car,2121,4,2,30,2,1,no,no
12,good,furniture,701,4,2,40,1,1,no,no
12,good,renovations,639,4,2,30,1,1,no,yes
12,critical,car,1860,4,2,34,2,1,yes,no
12,critical,car,3499,3,2,29,2,1,no,yes
48,good,car,8487,1,2,24,1,1,no,no
36,poor,education,6887,4,3,29,1,1,yes,yes
15,good,furniture,2708,2,3,27,2,1,no,no
18,good,furniture,1984,4,4,47,2,1,no,no
60,good,furniture,10144,2,4,21,1,1,yes,no
12,critical,furniture,1240,4,2,38,2,1,yes,no
27,poor,car,8613,2,2,27,2,1,no,no
12,good,furniture,766,4,3,66,1,1,no,yes
15,critical,furniture,2728,4,2,35,3,1,yes,no
12,good,furniture,1881,2,2,44,1,1,yes,no
6,good,car,709,2,2,27,1,1,no,no
36,good,furniture,4795,4,1,30,1,1,yes,no
27,good,furniture,3416,3,2,27,1,1,no,no
18,good,furniture,2462,2,2,22,1,1,no,yes
21,critical,furniture,2288,4,4,23,1,1,yes,no
48,very good,business,3566,4,2,30,1,1,no,no
6,critical,car,860,1,4,39,2,1,yes,no
12,critical,car,682,4,3,51,2,1,yes,no
36,critical,furniture,5371,3,2,28,2,1,no,no
18,critical,furniture,1582,4,4,46,2,1,no,no
6,good,furniture,1346,2,4,42,1,2,yes,no
10,good,furniture,1924,1,4,38,1,1,yes,no
36,good,furniture,5848,4,1,24,1,1,no,no
24,critical,car,7758,2,4,29,1,1,no,no
24,poor,business,6967,4,4,36,1,1,yes,no
12,good,furniture,1282,2,4,20,1,1,no,yes
9,critical,renovations,1288,3,4,48,2,2,no,no
12,very good,education,339,4,1,45,1,1,no,no
24,good,car,3512,2,3,38,2,1,yes,no
6,critical,furniture,1898,1,2,34,2,2,no,no
24,critical,furniture,2872,3,4,36,1,2,yes,no
18,critical,car,1055,4,1,30,2,1,no,no
15,good,furniture,1262,4,3,36,2,1,yes,no
10,good,car,7308,2,4,70,1,1,yes,no
36,good,car,909,4,4,36,1,1,no,no
6,good,furniture,2978,1,2,32,1,1,yes,no
18,good,furniture,1131,4,2,33,1,1,no,yes
11,good,furniture,1577,4,1,20,1,1,no,no
24,good,furniture,3972,2,4,25,1,1,yes,no
24,critical,business,1935,4,4,31,2,1,yes,yes
15,perfect,car,950,4,3,33,2,2,no,no
12,good,furniture,763,4,1,26,1,1,yes,no
24,poor,furniture,2064,3,2,34,1,1,yes,yes
8,good,furniture,1414,4,2,33,1,1,no,no
21,poor,education,3414,2,1,26,2,1,no,yes
30,very good,car,7485,4,1,53,1,1,yes,yes
12,good,furniture,2577,2,1,42,1,1,no,no
6,critical,furniture,338,4,4,52,2,1,no,no
12,good,furniture,1963,4,2,31,2,2,yes,no
21,critical,car,571,4,4,65,2,1,no,no
36,poor,business,9572,1,1,28,2,1,no,yes
36,poor,business,4455,2,2,30,2,1,yes,yes
21,very good,car,1647,4,2,40,2,2,no,yes
24,critical,furniture,3777,4,4,50,1,1,yes,no
18,critical,car,884,4,4,36,1,2,yes,yes
15,critical,furniture,1360,4,2,31,2,1,no,no
9,very good,car,5129,2,4,74,1,2,yes,no
16,critical,car,1175,2,3,68,3,1,yes,no
12,good,furniture,674,4,1,20,1,1,no,no
18,perfect,furniture,3244,1,4,33,2,1,yes,no
24,good,business,4591,2,3,54,3,1,yes,yes
48,perfect,business,3844,4,4,34,1,2,no,yes
27,good,business,3915,4,2,36,1,2,yes,yes
6,good,furniture,2108,2,2,29,1,1,no,no
45,good,furniture,3031,4,4,21,1,1,no,yes
9,critical,education,1501,2,3,34,2,1,yes,yes
6,critical,furniture,1382,1,1,28,2,1,yes,no
12,good,furniture,951,4,4,27,4,1,no,yes
24,good,car,2760,4,4,36,1,1,yes,no
18,poor,furniture,4297,4,3,40,1,1,yes,yes
9,critical,education,936,4,2,52,2,1,yes,no
12,good,car,1168,4,3,27,1,1,no,no
27,poor,business,5117,3,4,26,2,1,no,no
12,good,education,902,4,4,21,1,1,no,no
12,critical,car,1495,4,1,38,2,2,no,no
30,critical,car,10623,3,4,38,3,2,yes,no
12,critical,furniture,1935,4,4,43,3,1,yes,no
12,critical,furniture,1424,4,3,26,1,1,no,no
24,good,business,6568,2,2,21,1,1,no,no
12,good,car,1413,3,2,55,1,1,no,no
9,critical,furniture,3074,1,2,33,2,2,no,no
36,good,furniture,3835,2,4,45,1,1,yes,no
27,perfect,business,5293,2,4,50,2,1,yes,yes
30,poor,business,1908,4,4,66,1,1,yes,yes
36,critical,furniture,3342,4,2,51,1,1,yes,no
6,critical,education,932,1,3,39,2,1,no,no
18,perfect,business,3104,3,1,31,1,1,yes,no
36,good,furniture,3913,2,2,23,1,1,yes,no
24,good,furniture,3021,2,2,24,1,1,no,no
10,good,car,1364,2,4,64,1,1,yes,no
12,good,furniture,625,4,1,26,1,1,no,no
12,good,education,1200,4,4,23,1,1,yes,no
12,good,furniture,707,4,2,30,2,1,no,no
24,poor,business,2978,4,4,32,2,2,yes,no
15,good,car,4657,3,2,30,1,1,yes,no
36,perfect,renovations,2613,4,2,27,2,1,no,no
48,good,furniture,10961,1,2,27,2,1,yes,yes
12,good,furniture,7865,4,4,53,1,1,yes,yes
9,good,furniture,1478,4,2,22,1,1,no,no
24,good,furniture,3149,4,1,22,1,1,no,no
36,good,furniture,4210,4,2,26,1,1,no,yes
9,good,car,2507,2,4,51,1,1,no,no
12,good,furniture,2141,3,1,35,1,1,no,no
18,good,furniture,866,4,2,25,1,1,no,no
4,critical,furniture,1544,2,1,42,3,2,no,no
24,good,furniture,1823,4,2,30,1,2,no,yes
6,good,car,14555,1,2,23,1,1,yes,yes
21,good,business,2767,4,2,61,2,1,no,no
12,critical,furniture,1291,4,2,35,2,1,no,no
30,good,furniture,2522,1,3,39,1,2,no,no
24,good,car,915,4,2,29,1,1,no,no
6,good,furniture,1595,3,2,51,1,2,no,no
48,perfect,car,4605,3,4,24,2,2,no,yes
12,critical,business,1185,3,2,27,2,1,no,no
12,very good,education,3447,4,3,35,1,2,no,no
24,good,business,1258,4,1,25,1,1,yes,no
12,critical,furniture,717,4,4,52,3,1,no,no
6,perfect,car,1204,4,1,35,1,1,no,no
24,good,furniture,1925,2,2,26,1,1,no,no
18,good,furniture,433,3,4,22,1,1,no,yes
6,critical,car,666,3,4,39,2,1,yes,no
12,good,furniture,2251,1,2,46,1,1,no,no
30,good,car,2150,4,2,24,1,1,no,yes
24,poor,furniture,4151,2,3,35,2,1,no,no
9,good,furniture,2030,2,1,24,1,1,yes,no
60,poor,furniture,7418,1,1,27,1,1,no,no
24,critical,furniture,2684,4,2,35,2,1,no,no
12,very good,furniture,2149,4,1,29,1,1,no,yes
15,good,car,3812,1,4,23,1,1,yes,no
11,critical,furniture,1154,4,4,57,3,1,no,no
12,good,furniture,1657,2,2,27,1,1,no,no
24,good,furniture,1603,4,4,55,1,1,no,no
18,critical,car,5302,2,4,36,3,1,yes,no
12,critical,education,2748,2,4,57,3,1,no,no
10,critical,car,1231,3,4,32,2,2,no,no
15,good,furniture,802,4,3,37,1,2,no,no
36,critical,business,6304,4,4,36,2,1,no,no
24,good,furniture,1533,4,3,38,1,1,yes,no
14,good,car,8978,1,4,45,1,1,yes,yes
24,good,furniture,999,4,2,25,2,1,no,no
18,good,car,2662,4,3,32,1,1,no,no
12,critical,furniture,1402,3,4,37,1,1,yes,no
48,very good,car,12169,4,4,36,1,1,yes,no
48,good,furniture,3060,4,4,28,2,1,no,no
30,good,renovations,11998,1,1,34,1,1,yes,yes
9,good,furniture,2697,1,2,32,1,2,no,no
18,critical,furniture,2404,2,2,26,2,1,no,no
12,good,furniture,1262,2,4,49,1,1,yes,no
6,good,furniture,4611,1,4,32,1,1,no,yes
24,good,furniture,1901,4,4,29,1,1,yes,no
15,critical,car,3368,3,4,23,2,1,yes,no
12,good,furniture,1574,4,2,50,1,1,no,no
18,very good,furniture,1445,4,4,49,1,1,no,no
15,critical,furniture,1520,4,4,63,1,1,no,no
24,critical,car,3878,4,2,37,1,1,yes,no
47,good,car,10722,1,1,35,1,1,yes,no
48,good,car,4788,4,3,26,1,2,no,no
48,poor,car,7582,2,4,31,1,1,yes,no
12,good,furniture,1092,4,4,49,2,1,yes,no
24,poor,furniture,1024,4,4,48,1,1,no,yes
12,good,business,1076,2,2,26,1,1,yes,no
36,good,car,9398,1,4,28,1,1,yes,yes
24,critical,car,6419,2,4,44,2,2,yes,no
42,critical,car,4796,4,4,56,1,1,no,no
48,critical,business,7629,4,2,46,2,2,no,no
48,good,furniture,9960,1,2,26,1,1,yes,yes
12,good,car,4675,1,4,20,1,1,no,no
10,good,car,1287,4,2,45,1,1,no,no
18,good,furniture,2515,3,4,43,1,1,yes,no
21,critical,furniture,2745,3,2,32,2,1,yes,no
6,good,car,672,1,4,54,1,1,yes,no
36,perfect,furniture,3804,4,1,42,1,1,yes,yes
24,critical,car,1344,4,2,37,2,2,no,yes
10,critical,car,1038,4,3,49,2,1,yes,no
48,critical,car,10127,2,2,44,1,1,no,yes
6,good,furniture,1543,4,2,33,1,1,no,no
30,good,car,4811,2,4,24,1,1,no,no
12,good,furniture,727,4,3,33,1,1,yes,yes
8,good,furniture,1237,3,4,24,1,1,no,yes
9,good,car,276,4,4,22,1,1,no,no
48,good,car,5381,3,4,40,1,1,yes,no
24,good,furniture,5511,4,1,25,1,1,no,no
24,good,furniture,3749,2,4,26,1,1,no,no
12,good,car,685,2,3,25,1,1,no,no
4,good,car,1494,1,2,29,1,2,no,no
36,very good,furniture,2746,4,4,31,1,1,no,no
12,good,furniture,708,2,3,38,1,2,no,no
24,good,furniture,4351,1,4,48,1,1,yes,no
12,critical,education,701,4,2,32,2,1,no,no
15,poor,furniture,3643,1,4,27,2,1,no,no
30,critical,car,4249,4,2,28,2,1,no,yes
24,good,furniture,1938,4,3,32,1,1,no,yes
24,good,car,2910,2,1,34,1,1,yes,no
18,good,furniture,2659,4,2,28,1,1,no,no
18,critical,car,1028,4,3,36,2,1,no,no
8,critical,car,3398,1,4,39,2,1,no,no
12,critical,furniture,5801,2,4,49,1,1,yes,no
24,good,car,1525,4,3,34,1,2,yes,no
36,good,furniture,4473,4,2,31,1,1,no,no
6,good,furniture,1068,4,4,28,1,2,no,no
24,critical,car,6615,2,4,75,2,1,yes,no
18,critical,education,1864,4,2,30,2,1,no,yes
60,good,car,7408,4,2,24,1,1,no,yes
48,critical,car,11590,2,4,24,2,1,no,yes
24,perfect,furniture,4110,3,4,23,2,2,no,yes
6,critical,furniture,3384,1,4,44,1,1,yes,yes
13,good,furniture,2101,2,4,23,1,1,no,no
15,good,furniture,1275,4,2,24,1,1,no,yes
24,good,furniture,4169,4,4,28,1,1,no,no
10,good,furniture,1521,4,2,31,1,1,no,no
24,critical,education,5743,2,4,24,2,1,yes,no
21,good,furniture,3599,1,4,26,1,1,no,no
18,good,furniture,3213,1,3,25,1,1,no,no
18,good,business,4439,1,1,33,1,1,yes,no
10,good,car,3949,1,1,37,1,2,no,no
15,critical,furniture,1459,4,2,43,1,1,no,no
13,critical,furniture,882,4,4,23,2,1,no,no
24,good,furniture,3758,1,4,23,1,1,no,no
6,poor,business,1743,1,2,34,2,1,no,no
9,critical,education,1136,4,3,32,2,2,no,yes
9,good,furniture,1236,1,4,23,1,1,yes,no
9,good,furniture,959,1,2,29,1,1,no,yes
18,critical,car,3229,2,4,38,1,1,yes,no
12,perfect,furniture,6199,4,2,28,2,1,yes,yes
10,good,education,727,4,4,46,1,1,yes,no
24,good,car,1246,4,2,23,1,1,no,yes
12,critical,furniture,2331,1,4,49,1,1,yes,no
36,poor,furniture,4463,4,2,26,2,1,yes,yes
12,good,furniture,776,4,2,28,1,1,no,no
30,good,furniture,2406,4,4,23,1,1,no,no
18,good,education,1239,4,4,61,1,1,no,no
12,good,furniture,3399,2,3,37,1,1,no,no
12,poor,car,2247,2,2,36,2,1,yes,no
6,good,furniture,1766,1,2,21,1,1,no,no
18,good,furniture,2473,4,1,25,1,1,no,yes
12,good,business,1542,2,4,36,1,1,yes,no
18,critical,car,3850,3,1,27,2,1,no,no
18,good,furniture,3650,1,4,22,1,1,no,no
36,good,furniture,3446,4,2,42,1,2,no,no
18,good,furniture,3001,2,4,40,1,1,no,no
36,good,car,3079,4,4,36,1,1,no,no
18,critical,furniture,6070,3,4,33,2,1,yes,no
10,critical,furniture,2146,1,3,23,2,1,no,no
60,critical,car,13756,2,4,63,1,1,yes,no
60,very good,car,14782,3,4,60,2,1,yes,no
48,very good,business,7685,2,4,37,1,1,no,no
18,poor,furniture,2320,2,3,34,2,1,no,no
7,poor,furniture,846,3,4,36,1,1,no,no
36,good,car,14318,4,2,57,1,1,yes,yes
6,critical,car,362,4,4,52,2,1,no,no
20,good,furniture,2212,4,4,39,1,1,yes,no
18,good,car,12976,3,4,38,1,1,yes,yes
22,good,car,1283,4,4,25,1,1,no,no
12,good,car,1330,4,1,26,1,1,no,no
30,poor,business,4272,2,2,26,2,1,no,no
18,critical,furniture,2238,2,1,25,2,1,no,no
18,good,furniture,1126,4,2,21,1,1,yes,no
18,critical,furniture,7374,4,4,40,2,1,yes,no
15,critical,business,2326,2,4,27,1,1,no,no
9,good,business,1449,3,2,27,2,1,no,no
18,good,car,1820,2,2,30,1,1,yes,no
12,good,furniture,983,1,4,19,1,1,no,no
36,good,car,3249,2,4,39,1,2,yes,no
6,critical,furniture,1957,1,4,31,1,1,no,no
9,critical,furniture,2406,2,3,31,1,1,no,no
39,poor,education,11760,2,3,32,1,1,yes,no
12,good,furniture,2578,3,4,55,1,1,no,no
36,critical,furniture,2348,3,2,46,2,1,yes,no
12,good,car,1223,1,1,46,2,1,no,no
24,critical,furniture,1516,4,1,43,2,1,no,no
18,good,furniture,1473,3,4,39,1,1,yes,no
18,critical,business,1887,4,4,28,2,1,no,no
24,poor,business,8648,2,2,27,2,1,yes,yes
14,poor,car,802,4,2,27,2,1,no,no
18,poor,car,2899,4,4,43,1,2,no,no
24,good,furniture,2039,1,1,22,1,1,yes,yes
24,critical,car,2197,4,4,43,2,2,yes,no
15,good,furniture,1053,4,2,27,1,1,no,no
24,good,furniture,3235,3,2,26,1,1,yes,no
12,critical,car,939,4,2,28,3,1,yes,yes
24,good,furniture,1967,4,4,20,1,1,yes,no
33,critical,car,7253,3,2,35,2,1,yes,no
12,critical,business,2292,4,2,42,2,1,yes,yes
10,good,car,1597,3,2,40,1,2,no,no
24,good,car,1381,4,2,35,1,1,no,yes
36,critical,car,5842,2,2,35,2,2,yes,no
12,good,car,2579,4,1,33,1,2,no,yes
18,poor,education,8471,1,2,23,2,1,yes,no
21,good,car,2782,1,2,31,1,1,no,no
18,good,car,1042,4,2,33,1,1,no,yes
15,good,car,3186,2,3,20,1,1,no,no
12,good,car,2028,4,2,30,1,1,no,no
12,critical,car,958,2,3,47,2,2,no,no
21,poor,furniture,1591,4,3,34,2,1,no,no
12,good,furniture,2762,1,2,25,1,1,yes,no
18,good,car,2779,1,3,21,1,1,yes,no
28,critical,furniture,2743,4,2,29,2,1,no,no
18,critical,furniture,1149,4,3,46,2,1,no,no
9,good,furniture,1313,1,4,20,1,1,no,no
18,critical,renovations,1190,2,4,55,3,2,no,yes
5,good,business,3448,1,4,74,1,1,no,no
24,good,car,11328,2,3,29,2,1,yes,yes
6,critical,furniture,1872,4,4,36,3,1,yes,no
24,critical,renovations,2058,4,2,33,2,1,yes,no
9,good,furniture,2136,3,2,25,1,1,no,no
12,good,furniture,1484,2,1,25,1,1,yes,yes
6,good,renovations,660,2,4,23,1,1,no,no
24,critical,car,1287,4,4,37,2,1,yes,no
42,critical,renovations,3394,4,4,65,2,1,no,no
12,very good,business,609,4,1,26,1,1,no,yes
12,good,car,1884,4,4,39,1,1,yes,no
12,good,furniture,1620,2,3,30,1,1,no,no
20,poor,car,2629,2,3,29,2,1,yes,no
12,good,education,719,4,4,41,1,2,no,no
48,critical,furniture,5096,2,3,30,1,1,yes,yes
9,critical,education,1244,4,4,41,2,1,no,no
36,good,car,1842,4,4,34,1,1,yes,yes
7,good,furniture,2576,2,2,35,1,1,no,no
12,good,furniture,1424,3,4,55,1,1,yes,no
15,poor,renovations,1512,3,3,61,2,1,no,yes
36,critical,car,11054,4,2,30,1,1,yes,no
6,good,furniture,518,3,1,29,1,1,no,no
12,perfect,furniture,2759,2,4,34,2,1,no,no
24,good,car,2670,4,4,35,1,1,yes,no
24,good,car,4817,2,3,31,1,1,yes,no
24,good,car,2679,4,1,29,1,1,yes,no
11,critical,car,3905,2,2,36,2,2,no,no
12,good,car,3386,3,4,35,1,1,yes,no
6,good,furniture,343,4,1,27,1,1,no,no
18,good,furniture,4594,3,2,32,1,1,yes,no
36,good,furniture,3620,1,2,37,1,2,no,no
15,good,car,1721,2,3,36,1,1,no,no
12,good,furniture,3017,3,1,34,1,1,no,no
12,good,education,754,4,4,38,2,1,no,no
18,good,business,1950,4,1,34,2,1,yes,no
24,good,car,2924,3,4,63,1,2,yes,no
24,poor,furniture,1659,4,2,29,1,1,yes,yes
48,poor,furniture,7238,3,3,32,2,2,no,no
33,poor,business,2764,2,2,26,2,1,yes,no
24,poor,car,4679,3,3,35,2,1,yes,no
24,good,furniture,3092,3,2,22,1,1,yes,yes
6,good,education,448,4,4,23,1,1,no,yes
9,good,car,654,4,3,28,1,1,no,yes
6,good,education,1238,4,4,36,1,2,yes,no
18,critical,furniture,1245,4,2,33,1,1,no,yes
18,perfect,furniture,3114,1,4,26,1,1,no,yes
39,good,car,2569,4,4,24,1,1,no,no
24,good,furniture,5152,4,2,25,1,1,no,no
12,good,business,1037,3,4,39,1,1,no,no
15,critical,furniture,1478,4,4,44,2,2,yes,no
12,critical,furniture,3573,1,1,23,1,1,no,no
24,good,car,1201,4,1,26,1,1,no,no
30,good,furniture,3622,4,4,57,2,1,yes,no
15,poor,furniture,960,3,2,30,2,1,no,no
12,critical,car,1163,4,4,44,1,1,yes,no
6,poor,car,1209,4,4,47,1,1,yes,yes
12,good,furniture,3077,2,4,52,1,1,yes,no
24,good,car,3757,4,4,62,1,1,yes,no
10,good,car,1418,3,2,35,1,1,no,no
6,good,car,3518,2,3,26,1,1,no,no
12,critical,furniture,1934,2,2,26,2,1,no,no
27,perfect,business,8318,2,4,42,2,1,yes,yes
6,critical,furniture,1237,1,1,27,2,1,no,no
6,good,furniture,368,4,4,38,1,1,no,no
12,critical,car,2122,3,2,39,2,2,no,no
24,good,furniture,2996,2,4,20,1,1,no,yes
36,good,furniture,9034,4,1,29,1,1,yes,yes
24,critical,furniture,1585,4,3,40,2,1,no,no
18,good,furniture,1301,4,2,32,1,1,no,no
6,critical,car,1323,2,4,28,2,2,yes,no
24,good,car,3123,4,1,27,1,1,no,yes
36,good,car,5493,2,4,42,1,2,no,no
9,good,furniture,1126,2,4,49,1,1,no,no
24,critical,furniture,1216,4,4,38,2,2,no,yes
24,good,car,1207,4,4,24,1,1,no,yes
10,good,car,1309,4,4,27,1,1,no,yes
15,critical,car,2360,2,2,36,1,1,yes,no
15,very good,car,6850,1,2,34,1,2,yes,yes
24,good,furniture,1413,4,2,28,1,1,no,no
39,good,car,8588,4,2,45,1,1,yes,no
12,good,car,759,4,2,26,1,1,no,no
36,good,car,4686,2,2,32,1,1,yes,no
15,good,business,2687,2,4,26,1,1,yes,no
12,poor,furniture,585,4,4,20,2,1,no,no
24,good,car,2255,4,1,54,1,1,no,no
6,critical,car,609,4,3,37,2,1,no,no
6,critical,car,1361,2,4,40,1,2,no,no
36,critical,furniture,7127,2,4,23,2,1,yes,yes
6,good,car,1203,3,2,43,1,1,yes,no
6,critical,furniture,700,4,4,36,2,1,no,no
24,critical,renovations,5507,3,4,44,2,1,no,no
18,good,furniture,3190,2,2,24,1,1,no,yes
48,perfect,furniture,7119,3,4,53,2,2,no,yes
24,good,car,3488,3,4,23,1,1,no,no
18,good,furniture,1113,4,4,26,1,2,no,no
26,good,car,7966,2,3,30,2,1,no,no
15,critical,education,1532,4,3,31,1,1,no,no
4,critical,furniture,1503,2,1,42,2,2,no,no
36,good,furniture,2302,4,4,31,1,1,no,yes
6,good,car,662,3,4,41,1,2,yes,no
36,good,education,2273,3,1,32,2,2,no,no
15,good,car,2631,2,4,28,2,1,yes,yes
12,poor,car,1503,4,4,41,1,1,no,no
24,good,furniture,1311,4,3,26,1,1,yes,no
24,good,furniture,3105,4,2,25,2,1,no,no
21,critical,education,2319,2,1,33,1,1,no,yes
6,good,car,1374,4,3,75,1,1,yes,no
18,critical,furniture,3612,3,4,37,1,1,yes,no
48,good,car,7763,4,4,42,1,1,no,yes
18,good,furniture,3049,1,1,45,1,1,no,no
12,good,furniture,1534,1,1,23,1,1,no,yes
24,poor,car,2032,4,4,60,2,1,yes,no
30,good,furniture,6350,4,4,31,1,1,no,no
18,good,furniture,2864,2,1,34,1,2,no,yes
12,critical,car,1255,4,4,61,2,1,no,no
24,poor,car,1333,4,2,43,2,2,no,yes
24,critical,car,2022,4,4,37,1,1,yes,no
24,good,furniture,1552,3,1,32,1,2,no,no
12,very good,furniture,626,4,4,24,1,1,no,yes
48,critical,car,8858,2,1,35,2,1,yes,no
12,critical,renovations,996,4,4,23,2,1,no,no
6,very good,furniture,1750,2,4,45,1,2,no,no
48,good,furniture,6999,1,1,34,2,1,yes,yes
12,critical,car,1995,4,1,27,1,1,no,no
9,good,education,1199,4,4,67,2,1,yes,no
12,good,furniture,1331,2,1,22,1,1,no,yes
18,perfect,car,2278,3,3,28,2,1,no,yes
21,perfect,car,5003,1,4,29,2,1,yes,yes
24,very good,furniture,3552,3,4,27,1,1,no,no
18,critical,furniture,1928,2,2,31,2,1,no,yes
24,good,car,2964,4,4,49,1,2,yes,no
24,very good,furniture,1546,4,4,24,1,1,no,no
6,poor,furniture,683,2,1,29,1,1,no,no
36,good,car,12389,1,4,37,1,1,yes,yes
24,poor,business,4712,4,2,37,2,1,yes,no
24,poor,furniture,1553,3,2,23,2,1,yes,no
12,good,car,1372,2,3,36,1,1,no,no
24,critical,furniture,2578,2,2,34,1,1,no,no
48,good,furniture,3979,4,1,41,2,2,yes,no
48,good,furniture,6758,3,2,31,1,1,yes,yes
24,good,furniture,3234,4,4,23,1,1,yes,yes
30,critical,furniture,5954,3,2,38,1,1,no,no
24,good,car,5433,2,4,26,1,1,yes,no
15,good,business,806,4,4,22,1,1,no,no
9,good,furniture,1082,4,4,27,2,1,no,no
15,critical,furniture,2788,2,3,24,2,1,no,no
12,good,furniture,2930,2,1,27,1,1,no,no
24,critical,education,1927,3,2,33,2,1,yes,no
36,critical,car,2820,4,4,27,2,1,no,yes
24,good,education,937,4,3,27,2,1,no,no
18,critical,car,1056,3,3,30,2,1,no,yes
12,critical,car,3124,1,3,49,2,2,no,no
9,good,furniture,1388,4,2,26,1,1,no,no
36,good,renovations,2384,4,1,33,1,1,no,yes
12,good,car,2133,4,4,52,1,1,yes,no
18,good,furniture,2039,1,4,20,1,1,no,yes
9,critical,car,2799,2,2,36,2,2,no,no
12,good,furniture,1289,4,1,21,1,1,no,no
18,good,furniture,1217,4,3,47,1,1,yes,yes
12,critical,furniture,2246,3,3,60,2,1,no,yes
12,critical,furniture,385,4,3,58,4,1,yes,no
24,poor,car,1965,4,4,42,2,1,yes,no
21,good,business,1572,4,4,36,1,1,no,no
24,good,car,2718,3,4,20,1,1,yes,yes
24,very good,car,1358,4,3,40,1,1,yes,no
6,very good,car,931,1,1,32,1,1,no,yes
24,good,car,1442,4,4,23,2,1,no,no
24,perfect,business,4241,1,4,36,3,1,yes,yes
18,critical,car,2775,2,2,31,2,1,no,yes
24,poor,business,3863,1,2,32,1,1,no,no
7,good,furniture,2329,1,1,45,1,1,no,no
9,good,furniture,918,4,1,30,1,1,no,yes
24,very good,education,1837,4,4,34,1,1,no,no
36,good,furniture,3349,4,2,28,1,1,yes,yes
10,good,furniture,1275,4,2,23,1,1,no,no
24,very good,furniture,2828,4,4,22,1,1,yes,no
24,critical,business,4526,3,2,74,1,1,yes,no
36,good,furniture,2671,4,4,50,1,1,no,yes
18,good,furniture,2051,4,1,33,1,1,no,no
15,good,car,1300,4,4,45,1,2,no,no
12,good,furniture,741,4,3,22,1,1,no,yes
10,good,car,1240,1,4,48,1,2,no,no
21,good,furniture,3357,4,2,29,1,1,no,no
24,very good,car,3632,1,4,22,1,1,no,no
18,poor,furniture,1808,4,1,22,1,1,no,yes
48,perfect,business,12204,2,2,48,1,1,yes,no
60,poor,furniture,9157,2,2,27,1,1,no,no
6,critical,car,3676,1,3,37,3,2,no,no
30,good,furniture,3441,2,4,21,1,1,no,yes
12,good,car,640,4,2,49,1,1,no,no
21,critical,business,3652,2,3,27,2,1,no,no
18,critical,car,1530,3,2,32,2,1,no,yes
48,good,business,3914,4,2,38,1,1,no,yes
12,good,furniture,1858,4,1,22,1,1,no,no
18,good,furniture,2600,4,4,65,2,1,no,yes
15,good,furniture,1979,4,2,35,1,1,no,no
6,good,furniture,2116,2,2,41,1,1,yes,no
9,very good,car,1437,2,3,29,1,1,no,no
42,critical,furniture,4042,4,4,36,2,1,yes,no
9,good,education,3832,1,4,64,1,1,no,no
24,good,furniture,3660,2,4,28,1,1,no,no
18,very good,furniture,1553,4,3,44,1,1,no,yes
15,good,furniture,1444,4,1,23,1,1,no,no
9,good,furniture,1980,2,2,19,2,1,no,yes
24,good,car,1355,3,4,25,1,1,yes,yes
12,good,education,1393,4,4,47,3,2,yes,no
24,good,furniture,1376,4,1,28,1,1,no,no
60,poor,furniture,15653,2,4,21,2,1,yes,no
12,good,furniture,1493,4,3,34,1,2,no,no
42,poor,furniture,4370,3,2,26,2,2,yes,yes
18,good,education,750,4,1,27,1,1,no,yes
15,good,renovations,1308,4,4,38,2,1,no,no
15,good,education,4623,3,2,40,1,1,yes,yes
24,critical,furniture,1851,4,2,33,2,1,yes,no
18,critical,furniture,1880,4,1,32,2,1,yes,no
36,poor,business,7980,4,4,27,2,1,yes,yes
30,perfect,furniture,4583,2,2,32,2,1,no,no
12,good,car,1386,2,2,26,1,1,no,yes
24,good,car,947,4,3,38,1,2,no,no
12,good,education,684,4,4,40,1,2,no,yes
48,good,education,7476,4,1,50,1,1,yes,no
12,good,furniture,1922,4,2,37,1,1,no,yes
24,good,car,2303,4,1,45,1,1,no,no
36,poor,car,8086,2,4,42,4,1,yes,yes
24,critical,car,2346,4,3,35,2,1,yes,no
14,good,car,3973,1,4,22,1,1,no,no
12,good,car,888,4,4,41,1,2,no,no
48,good,furniture,10222,4,3,37,1,1,yes,no
30,perfect,business,4221,2,1,28,2,1,no,no
18,critical,furniture,6361,2,1,41,1,1,yes,no
12,good,furniture,1297,3,4,23,1,1,no,no
12,good,car,900,4,2,23,1,1,no,yes
21,good,furniture,2241,4,2,50,2,1,no,no
6,poor,furniture,1050,4,1,35,2,1,yes,no
6,critical,education,1047,2,4,50,1,1,no,no
24,critical,car,6314,4,2,27,2,1,yes,no
30,very good,furniture,3496,4,2,34,1,2,yes,no
48,very good,business,3609,1,1,27,1,1,no,no
12,critical,car,4843,3,4,43,2,1,yes,yes
30,critical,furniture,3017,4,4,47,1,1,no,no
24,critical,business,4139,3,3,27,2,1,yes,no
36,good,business,5742,2,2,31,2,1,yes,no
60,good,car,10366,2,4,42,1,1,yes,no
6,critical,car,2080,1,2,24,1,1,no,no
21,poor,business,2580,4,2,41,1,2,no,yes
30,critical,furniture,4530,4,4,26,1,1,yes,no
24,critical,furniture,5150,4,4,33,1,1,yes,no
72,good,furniture,5595,2,2,24,1,1,no,yes
24,good,furniture,2384,4,4,64,1,1,no,no
18,good,furniture,1453,3,1,26,1,1,no,no
6,good,education,1538,1,2,56,1,1,no,no
12,good,furniture,2279,4,4,37,1,1,yes,no
15,poor,furniture,1478,4,3,33,2,1,no,no
24,critical,furniture,5103,3,3,47,3,1,yes,no
36,poor,business,9857,1,3,31,2,2,yes,no
60,good,car,6527,4,4,34,1,2,yes,no
10,critical,furniture,1347,4,2,27,2,1,yes,no
36,poor,car,2862,4,3,30,1,1,no,no
9,good,furniture,2753,3,4,35,1,1,yes,no
12,good,car,3651,1,3,31,1,2,no,no
15,critical,furniture,975,2,3,25,2,1,no,no
15,good,renovations,2631,3,2,25,1,1,no,no
24,good,furniture,2896,2,1,29,1,1,no,no
6,critical,car,4716,1,3,44,2,2,no,no
24,good,furniture,2284,4,2,28,1,1,yes,no
6,good,car,1236,2,4,50,1,1,no,no
12,good,furniture,1103,4,3,29,2,1,no,no
12,critical,car,926,1,2,38,1,1,no,no
18,critical,furniture,1800,4,2,24,2,1,no,no
15,good,education,1905,4,4,40,1,1,yes,no
12,good,furniture,1123,4,4,29,1,1,no,yes
48,critical,car,6331,4,4,46,2,1,yes,yes
24,good,furniture,1377,4,2,47,1,1,yes,no
30,poor,business,2503,4,2,41,2,1,no,no
27,good,business,2528,4,1,32,1,2,yes,no
15,good,car,5324,1,4,35,1,1,no,no
48,good,car,6560,3,2,24,1,1,no,no
12,perfect,furniture,2969,4,3,25,2,1,no,yes
9,good,furniture,1206,4,4,25,1,1,no,no
9,good,furniture,2118,2,2,37,1,2,no,no
18,critical,furniture,629,4,3,32,2,1,yes,no
6,very good,education,1198,4,4,35,1,1,no,no
21,good,car,2476,4,4,46,1,1,yes,no
9,critical,furniture,1138,4,4,25,2,1,no,no
60,good,car,14027,4,2,27,1,1,yes,yes
30,critical,car,7596,1,4,63,2,1,no,no
30,critical,furniture,3077,3,2,40,2,2,yes,no
18,good,furniture,1505,4,2,32,1,1,yes,no
24,critical,furniture,3148,3,2,31,2,1,yes,no
20,perfect,car,6148,3,4,31,2,1,yes,no
9,perfect,furniture,1337,4,2,34,2,1,yes,yes
6,very good,education,433,4,2,24,1,2,no,yes
12,good,car,1228,4,2,24,1,1,no,yes
9,good,furniture,790,4,3,66,1,1,no,no
27,good,car,2570,3,3,21,1,1,no,yes
6,critical,car,250,2,2,41,2,1,no,no
15,critical,furniture,1316,2,2,47,2,1,no,no
18,good,furniture,1882,4,4,25,2,1,no,yes
48,very good,business,6416,4,3,59,1,1,no,no
24,critical,business,1275,2,4,36,2,1,yes,no
24,poor,furniture,6403,1,2,33,1,1,no,no
24,good,furniture,1987,2,4,21,1,2,no,yes
8,good,furniture,760,4,2,44,1,1,no,no
24,good,car,2603,2,4,28,1,1,yes,no
4,critical,car,3380,1,1,37,1,2,no,no
36,very good,furniture,3990,3,2,29,1,1,no,no
24,good,car,11560,1,4,23,2,1,no,yes
18,good,car,4380,3,4,35,1,2,yes,no
6,critical,car,6761,1,3,45,2,2,yes,no
30,perfect,business,4280,4,4,26,2,1,no,yes
24,very good,car,2325,2,3,32,1,1,no,no
10,very good,furniture,1048,4,4,23,1,1,no,no
21,good,furniture,3160,4,3,41,1,1,yes,no
24,very good,furniture,2483,4,4,22,1,1,yes,no
39,critical,furniture,14179,4,4,30,2,1,yes,no
13,critical,business,1797,3,1,28,2,1,no,no
15,good,car,2511,1,4,23,1,1,no,no
12,good,car,1274,3,1,37,1,1,no,yes
21,good,car,5248,1,3,26,1,1,no,no
15,good,car,3029,2,2,33,1,1,no,no
6,good,furniture,428,2,1,49,1,1,yes,no
18,good,car,976,1,2,23,1,1,no,yes
12,good,business,841,2,4,23,1,1,no,no
30,critical,furniture,5771,4,2,25,2,1,no,no
12,poor,renovations,1555,4,4,55,2,2,no,yes
24,good,car,1285,4,4,32,1,1,no,no
6,critical,car,1299,1,1,74,3,2,no,no
15,critical,furniture,1271,3,4,39,2,1,yes,yes
24,good,car,1393,2,2,31,1,1,yes,no
12,critical,car,691,4,3,35,2,1,no,yes
15,critical,car,5045,1,4,59,1,1,yes,no
18,critical,furniture,2124,4,4,24,2,1,no,yes
12,good,furniture,2214,4,3,24,1,1,no,no
21,critical,car,12680,4,4,30,1,1,yes,yes
24,critical,car,2463,4,3,27,2,1,yes,no
12,good,furniture,1155,3,3,40,2,1,no,no
30,good,furniture,3108,2,4,31,1,1,no,yes
10,good,car,2901,1,4,31,1,1,no,no
12,critical,furniture,3617,1,4,28,3,1,yes,no
12,critical,furniture,1655,2,4,63,2,1,yes,no
24,good,car,2812,2,4,26,1,1,no,no
36,critical,education,8065,3,2,25,2,1,yes,yes
21,critical,car,3275,1,4,36,1,1,yes,no
24,critical,furniture,2223,4,4,52,2,1,no,no
12,critical,car,1480,2,4,66,3,1,no,no
24,good,car,1371,4,4,25,1,1,no,yes
36,critical,car,3535,4,4,37,2,1,yes,no
18,good,furniture,3509,4,1,25,1,1,no,no
36,critical,car,5711,4,2,38,2,1,yes,no
18,good,renovations,3872,2,4,67,1,1,yes,no
39,critical,furniture,4933,2,2,25,2,1,no,yes
24,critical,car,1940,4,4,60,1,1,yes,no
12,perfect,education,1410,2,2,31,1,1,yes,no
12,good,car,836,4,2,23,1,1,no,yes
20,good,car,6468,1,4,60,1,1,yes,no
18,good,business,1941,4,2,35,1,1,yes,no
22,good,furniture,2675,3,4,40,1,1,no,no
48,critical,car,2751,4,3,38,2,2,yes,no
48,poor,education,6224,4,4,50,1,1,no,yes
40,critical,education,5998,4,3,27,1,1,yes,yes
21,good,business,1188,2,4,39,1,2,no,yes
24,good,car,6313,3,4,41,1,2,yes,no
6,critical,furniture,1221,1,2,27,2,1,no,no
24,good,furniture,2892,3,4,51,1,1,no,no
24,good,furniture,3062,4,3,32,1,1,yes,no
9,good,furniture,2301,2,4,22,1,1,no,no
18,good,car,7511,1,4,51,1,2,yes,no
12,critical,furniture,1258,2,4,22,2,1,no,no
24,poor,car,717,4,4,54,2,1,yes,no
9,good,car,1549,4,2,35,1,1,no,no
24,critical,education,1597,4,4,54,2,2,no,no
18,critical,furniture,1795,3,4,48,2,1,yes,no
20,critical,furniture,4272,1,4,24,2,1,no,no
12,critical,furniture,976,4,4,35,2,1,no,no
12,good,car,7472,1,2,24,1,1,no,no
36,good,car,9271,2,1,24,1,1,yes,yes
6,good,furniture,590,3,3,26,1,1,no,no
12,critical,furniture,930,4,4,65,4,1,no,no
42,very good,car,9283,1,2,55,1,1,yes,no
15,perfect,car,1778,2,1,26,2,1,no,yes
8,good,business,907,3,2,26,1,1,yes,no
6,good,furniture,484,3,3,28,1,1,no,no
36,critical,car,9629,4,4,24,2,1,yes,yes
48,good,furniture,3051,3,4,54,1,1,no,yes
48,good,car,3931,4,4,46,1,2,no,no
36,poor,car,7432,2,2,54,1,1,no,no
6,good,furniture,1338,1,4,62,1,1,no,no
6,critical,furniture,1554,1,2,24,2,1,yes,no
36,good,car,15857,2,3,43,1,1,no,no
18,good,furniture,1345,4,3,26,1,1,no,yes
12,good,car,1101,3,2,27,2,1,yes,no
12,good,furniture,3016,3,1,24,1,1,no,no
36,good,furniture,2712,2,2,41,1,2,no,yes
8,critical,car,731,4,4,47,2,1,no,no
18,critical,furniture,3780,3,2,35,2,1,yes,no
21,critical,car,1602,4,3,30,2,1,yes,no
18,critical,car,3966,1,4,33,3,1,yes,yes
18,perfect,business,4165,2,2,36,2,2,no,yes
36,good,car,8335,3,4,47,1,1,no,yes
48,poor,business,6681,4,4,38,1,2,yes,no
24,poor,business,2375,4,2,44,2,2,yes,no
18,good,car,1216,4,3,23,1,1,yes,yes
45,perfect,business,11816,2,4,29,2,1,no,yes
24,good,furniture,5084,2,4,42,1,1,yes,no
15,good,furniture,2327,2,3,25,1,1,no,yes
12,perfect,car,1082,4,4,48,2,1,no,yes
12,good,furniture,886,4,2,21,1,1,no,no
4,good,furniture,601,1,3,23,1,2,no,no
24,critical,car,2957,4,4,63,2,1,yes,no
24,critical,furniture,2611,4,3,46,2,1,no,no
36,good,furniture,5179,4,2,29,1,1,no,no
21,poor,car,2993,3,2,28,2,1,no,no
18,good,renovations,1943,4,4,23,1,1,no,yes
24,very good,business,1559,4,4,50,1,1,yes,no
18,good,furniture,3422,4,4,47,3,2,yes,no
21,good,furniture,3976,2,3,35,1,1,yes,no
18,good,car,6761,2,4,68,2,1,no,yes
24,good,car,1249,4,2,28,1,1,no,no
9,good,furniture,1364,3,4,59,1,1,no,no
12,good,furniture,709,4,4,57,1,1,no,no
20,critical,car,2235,4,2,33,2,1,no,yes
24,critical,car,4042,3,4,43,2,1,yes,no
15,critical,furniture,1471,4,4,35,2,1,yes,no
18,very good,car,1442,4,4,32,2,2,no,no
36,poor,car,10875,2,2,45,2,2,yes,no
24,good,car,1474,4,3,33,1,1,yes,no
10,good,education,894,4,3,40,1,1,yes,no
15,critical,furniture,3343,4,2,28,1,1,yes,no
15,good,car,3959,3,2,29,1,1,yes,yes
9,good,car,3577,1,2,26,1,2,no,no
24,critical,car,5804,4,2,27,2,1,no,no
18,poor,business,2169,4,2,28,1,1,yes,yes
24,good,furniture,2439,4,4,35,1,1,yes,yes
27,critical,furniture,4526,4,2,32,2,2,yes,no
10,good,furniture,2210,2,2,25,1,1,no,yes
15,good,furniture,2221,2,4,20,1,1,no,no
18,good,furniture,2389,4,1,27,1,1,no,no
12,critical,furniture,3331,2,4,42,1,1,no,no
36,good,business,7409,3,2,37,2,1,no,no
12,good,furniture,652,4,4,24,1,1,no,no
36,poor,furniture,7678,2,4,40,2,1,yes,no
6,critical,car,1343,1,4,46,2,2,no,no
24,critical,business,1382,4,1,26,2,1,yes,no
15,good,furniture,874,4,1,24,1,1,no,no
12,good,furniture,3590,2,2,29,1,2,no,no
11,critical,car,1322,4,4,40,2,1,no,no
18,very good,furniture,1940,3,4,36,1,1,yes,no
36,good,furniture,3595,4,2,28,1,1,no,no
9,good,car,1422,3,2,27,1,1,yes,yes
30,critical,furniture,6742,2,3,36,2,1,no,no
24,good,car,7814,3,3,38,1,1,yes,no
24,good,car,9277,2,4,48,1,1,yes,no
30,critical,car,2181,4,4,36,2,1,no,no
18,critical,furniture,1098,4,4,65,2,1,no,no
24,good,furniture,4057,3,3,43,1,1,yes,no
12,good,education,795,4,4,53,1,1,no,yes
24,critical,business,2825,4,3,34,2,2,yes,no
48,good,business,15672,2,2,23,1,1,yes,yes
36,critical,car,6614,4,4,34,2,1,yes,no
28,very good,car,7824,3,4,40,2,2,yes,no
27,critical,business,2442,4,4,43,4,2,yes,no
15,critical,furniture,1829,4,4,46,2,1,yes,no
12,critical,car,2171,4,4,38,2,1,no,no
36,critical,car,5800,3,4,34,2,1,yes,no
18,critical,furniture,1169,4,3,29,2,1,yes,no
36,poor,car,8947,3,2,31,1,2,yes,no
21,good,furniture,2606,4,4,28,1,1,yes,no
12,critical,furniture,1592,3,2,35,1,1,no,no
15,good,furniture,2186,1,4,33,1,1,no,no
18,good,furniture,4153,2,3,42,1,1,no,yes
16,critical,car,2625,2,4,43,1,1,yes,yes
20,critical,car,3485,2,4,44,2,1,yes,no
36,critical,car,10477,2,4,42,2,1,no,no
15,good,furniture,1386,4,2,40,1,1,yes,no
24,good,furniture,1278,4,1,36,1,1,yes,no
12,good,furniture,1107,2,2,20,1,2,yes,no
21,good,car,3763,2,2,24,1,1,no,no
36,good,education,3711,2,2,27,1,1,no,no
15,poor,car,3594,1,2,46,2,1,no,no
9,good,car,3195,1,2,33,1,1,no,no
36,poor,furniture,4454,4,4,34,2,1,no,no
24,critical,furniture,4736,2,4,25,1,1,no,yes
30,good,furniture,2991,2,4,25,1,1,no,no
11,good,business,2142,1,2,28,1,1,yes,no
24,very good,business,3161,4,2,31,1,1,yes,yes
48,perfect,car,18424,1,2,32,1,1,yes,yes
10,good,car,2848,1,2,32,1,2,no,no
6,good,car,14896,1,4,68,1,1,yes,yes
24,good,furniture,2359,1,1,33,1,1,no,yes
24,good,furniture,3345,4,2,39,1,1,yes,no
18,critical,furniture,1817,4,2,28,2,1,no,no
48,poor,furniture,12749,4,1,37,1,1,yes,no
9,good,furniture,1366,3,4,22,1,1,no,yes
12,good,car,2002,3,4,30,1,2,yes,no
24,very good,furniture,6872,2,1,55,1,1,yes,yes
12,very good,car,697,4,2,46,2,1,yes,yes
18,critical,furniture,1049,4,4,21,1,1,no,no
48,good,car,10297,4,4,39,3,2,yes,yes
30,good,furniture,1867,4,4,58,1,1,yes,no
12,poor,car,1344,4,2,43,2,2,no,no
24,good,furniture,1747,4,1,24,1,1,no,no
9,good,furniture,1670,4,2,22,1,1,yes,yes
9,critical,car,1224,3,1,30,2,1,no,no
12,critical,furniture,522,4,4,42,2,2,yes,no
12,good,furniture,1498,4,1,23,1,1,no,no
30,poor,furniture,1919,4,3,30,2,1,no,yes
9,good,furniture,745,3,2,28,1,1,no,yes
6,good,furniture,2063,4,3,30,1,1,yes,no
60,good,education,6288,4,4,42,1,1,no,yes
24,critical,car,6842,2,4,46,2,2,yes,no
12,good,car,3527,2,3,45,1,2,yes,no
10,good,car,1546,3,2,31,1,2,no,no
24,good,furniture,929,4,2,31,1,1,yes,no
4,critical,car,1455,2,1,42,3,2,no,no
15,good,furniture,1845,4,1,46,1,1,no,no
48,perfect,car,8358,1,1,30,2,1,no,no
24,very good,furniture,3349,4,4,30,1,2,yes,yes
12,good,car,2859,4,4,38,1,1,yes,no
18,good,furniture,1533,4,1,43,1,2,no,yes
24,good,furniture,3621,2,4,31,2,1,no,no
18,critical,business,3590,3,3,40,3,2,yes,no
36,poor,business,2145,2,1,24,2,1,yes,yes
24,good,car,4113,3,4,28,1,1,no,yes
36,good,furniture,10974,4,2,26,2,1,yes,yes
12,good,car,1893,4,4,29,1,1,yes,no
24,critical,furniture,1231,4,4,57,2,1,yes,no
30,critical,furniture,3656,4,4,49,2,1,no,no
9,critical,furniture,1154,2,4,37,3,1,no,no
28,good,car,4006,3,2,45,1,1,no,yes
24,good,furniture,3069,4,4,30,1,1,no,no
6,critical,furniture,1740,2,2,30,2,1,no,no
21,poor,car,2353,1,4,47,2,1,no,no
15,good,car,3556,3,2,29,1,1,no,no
24,good,furniture,2397,3,2,35,2,1,yes,no
6,good,renovations,454,3,1,22,1,1,no,no
30,good,furniture,1715,4,1,26,1,1,no,no
27,critical,furniture,2520,4,2,23,2,1,no,yes
15,good,furniture,3568,4,2,54,1,1,yes,no
42,good,furniture,7166,2,4,29,1,1,yes,no
11,critical,car,3939,1,2,40,2,2,no,no
15,good,renovations,1514,4,2,22,1,1,no,no
24,good,car,7393,1,4,43,1,2,no,no
24,very good,car,1193,1,4,29,2,1,no,yes
60,good,business,7297,4,4,36,1,1,no,yes
30,critical,furniture,2831,4,2,33,1,1,yes,no
24,good,furniture,1258,3,3,57,1,1,no,no
6,good,furniture,753,2,3,64,1,1,no,no
18,poor,business,2427,4,2,42,2,1,no,no
24,poor,car,2538,4,4,47,2,2,no,yes
15,very good,car,1264,2,2,25,1,1,no,yes
30,critical,furniture,8386,2,2,49,1,1,no,yes
48,good,business,4844,3,2,33,1,1,yes,yes
21,good,car,2923,1,1,28,1,1,yes,no
36,good,car,8229,2,2,26,1,2,no,yes
24,critical,furniture,2028,2,2,30,2,1,no,no
15,critical,furniture,1433,4,3,25,2,1,no,no
42,perfect,business,6289,2,1,33,2,1,no,no
13,good,furniture,1409,2,4,64,1,1,no,no
24,good,car,6579,4,2,29,1,1,yes,no
24,critical,furniture,1743,4,2,48,2,1,no,no
12,critical,education,3565,2,1,37,2,2,no,no
15,very good,furniture,1569,4,4,34,1,2,no,no
18,good,furniture,1936,2,4,23,2,1,no,no
36,good,furniture,3959,4,3,30,1,1,yes,no
12,good,car,2390,4,3,50,1,1,yes,no
12,good,furniture,1736,3,4,31,1,1,no,no
30,good,car,3857,4,4,40,1,1,yes,no
12,good,furniture,804,4,4,38,1,1,no,no
45,good,furniture,1845,4,4,23,1,1,yes,yes
45,critical,car,4576,3,4,27,1,1,no,no
